,train_size,test_size,actual_idx,metric_mae0,metric_mae1,metric_mae2,metric_mae3,metric_mae4,mean_metric_mae,metric_std_error0,metric_std_error1,metric_std_error2,metric_std_error3,metric_std_error4,mean_metric_std_error,metric_r20,metric_r21,metric_r22,metric_r23,metric_r24,mean_metric_r2,metric_adjusted_r20,metric_adjusted_r21,metric_adjusted_r22,metric_adjusted_r23,metric_adjusted_r24,mean_metric_adjusted_r2,mean_time_train,mean_time_pred,time_train0,time_train1,time_train2,time_train3,time_train4,time_pred0,time_pred1,time_pred2,time_pred3,time_pred4,epochs,batch_size,arch_type
0,160000,40000,0,0.017548366321165527,0.01678066196196323,0.01680748868076862,0.01692700709467848,0.016263155283699354,0.016865335868455043,0.02522783839797269,0.02279038256935957,0.026256481595371476,0.025275655861761965,0.024745780581094907,0.02485922780111212,0.99199260264367,0.9931906467131925,0.9916883024136183,0.9920768120883299,0.9924667032582587,0.992283013423414,0.9919871938643089,0.9931860471800507,0.9916826880877193,0.9920714601901608,0.9924616147209819,0.9922778008086443,0.003179338986873627,1.1066925525665283e-06,0.0032088520243763923,0.003197033941745758,0.003192967885732651,0.003177720148861408,0.003120120933651924,1.1769473552703857e-06,1.101064682006836e-06,1.0744452476501464e-06,1.130741834640503e-06,1.0502636432647705e-06,5000,16000,2F_64
