,train_size,test_size,actual_idx,metric_mae0,metric_mae1,metric_mae2,metric_mae3,metric_mae4,mean_metric_mae,metric_std_error0,metric_std_error1,metric_std_error2,metric_std_error3,metric_std_error4,mean_metric_std_error,metric_r20,metric_r21,metric_r22,metric_r23,metric_r24,mean_metric_r2,metric_adjusted_r20,metric_adjusted_r21,metric_adjusted_r22,metric_adjusted_r23,metric_adjusted_r24,mean_metric_adjusted_r2,mean_time_train,mean_time_pred,time_train0,time_train1,time_train2,time_train3,time_train4,time_pred0,time_pred1,time_pred2,time_pred3,time_pred4,epochs,batch_size,arch_type
0,400000,100000,0,0.008456175713485599,0.008659139962915107,0.00836953495391707,0.00958967381776477,0.008825665288057095,0.008780037947227929,0.01240701002971839,0.011575634957903579,0.012299610417511304,0.01500246105315368,0.01261226393098572,0.012779396077854535,0.9980673107253675,0.998220071418508,0.9981099561861729,0.9972643579837179,0.9979632804756914,0.9979249953578915,0.9980667887531111,0.9982195907031907,0.9981094457314159,0.997263619153501,0.9979627304074007,0.9979244349497239,0.0035986056122779843,1.0591392517089845e-06,0.003657177585363388,0.003641068894863129,0.003570410291552544,0.0036071226006746293,0.0035172486889362333,1.0551381111145018e-06,1.0720562934875488e-06,1.0766863822937012e-06,1.030426025390625e-06,1.061389446258545e-06,5000,16000,4F_64
