,train_size,test_size,actual_idx,metric_mae0,metric_mae1,metric_mae2,metric_mae3,metric_mae4,mean_metric_mae,metric_std_error0,metric_std_error1,metric_std_error2,metric_std_error3,metric_std_error4,mean_metric_std_error,metric_r20,metric_r21,metric_r22,metric_r23,metric_r24,mean_metric_r2,metric_adjusted_r20,metric_adjusted_r21,metric_adjusted_r22,metric_adjusted_r23,metric_adjusted_r24,mean_metric_adjusted_r2,mean_time_train,mean_time_pred,time_train0,time_train1,time_train2,time_train3,time_train4,time_pred0,time_pred1,time_pred2,time_pred3,time_pred4,epochs,batch_size,arch_type
0,400000,100000,0,0.00914966801184151,0.008361883338449179,0.008682283711201676,0.008434274475826856,0.00905744336133053,0.00873711057972995,0.013256846295161103,0.011817520465394972,0.012853370866055043,0.011998229404844978,0.013014771482094688,0.012588147702710157,0.9977756629819505,0.9982149707561118,0.9979454712054138,0.9981439895520047,0.9978389947553034,0.9979838178501568,0.9977750622427487,0.9982144886632299,0.9979449163272733,0.99814348828883,0.9978384111204696,0.9979832733285103,0.004066214945912361,1.0628485679626465e-06,0.005550280816555024,0.0037398261392116547,0.0036905922257900237,0.003666142925620079,0.003684232622385025,1.048119068145752e-06,1.1160635948181153e-06,1.0790252685546875e-06,1.030266284942627e-06,1.0407686233520509e-06,5000,16000,4F_64
