,train_size,test_size,actual_idx,metric_mae0,metric_mae1,metric_mae2,metric_mae3,metric_mae4,mean_metric_mae,metric_std_error0,metric_std_error1,metric_std_error2,metric_std_error3,metric_std_error4,mean_metric_std_error,metric_r20,metric_r21,metric_r22,metric_r23,metric_r24,mean_metric_r2,metric_adjusted_r20,metric_adjusted_r21,metric_adjusted_r22,metric_adjusted_r23,metric_adjusted_r24,mean_metric_adjusted_r2,mean_time_train,mean_time_pred,time_train0,time_train1,time_train2,time_train3,time_train4,time_pred0,time_pred1,time_pred2,time_pred3,time_pred4,epochs,batch_size,arch_type
0,400000,100000,0,0.03185147199880632,0.03588354524976925,0.03575719642312899,0.03345671225284658,0.0355454746157665,0.034498880108063526,0.03753687956863445,0.04732702188747425,0.04673969644402698,0.0405290872232204,0.0463786855238536,0.043702274129441936,0.9792232050616463,0.9699551424819196,0.9704262014787878,0.9761675730053492,0.9706521865075696,0.9732848617070544,0.9792175937558473,0.9699470280983623,0.9704182143167817,0.9761611364478245,0.9706442603786105,0.9732776465994852,0.0029951641719341273,1.014383316040039e-06,0.0029717439836263655,0.0029540109717845916,0.003071682743430138,0.002937887346148491,0.0030404958146810534,9.868931770324707e-07,1.045832633972168e-06,1.0081028938293458e-06,1.0677456855773925e-06,9.633421897888183e-07,5000,16000,4F_16
