,train_size,test_size,actual_idx,metric_mae0,metric_mae1,metric_mae2,metric_mae3,metric_mae4,mean_metric_mae,metric_std_error0,metric_std_error1,metric_std_error2,metric_std_error3,metric_std_error4,mean_metric_std_error,metric_r20,metric_r21,metric_r22,metric_r23,metric_r24,mean_metric_r2,metric_adjusted_r20,metric_adjusted_r21,metric_adjusted_r22,metric_adjusted_r23,metric_adjusted_r24,mean_metric_adjusted_r2,mean_time_train,mean_time_pred,time_train0,time_train1,time_train2,time_train3,time_train4,time_pred0,time_pred1,time_pred2,time_pred3,time_pred4,epochs,batch_size,arch_type
0,400000,100000,0,0.03242164903186062,0.03400980266779291,0.03732437395662132,0.038291777392992575,0.03298977135756831,0.03500747488136714,0.039822986560784215,0.04288167413192804,0.048335334121912356,0.04588456708644483,0.0394469354845938,0.04327429947713265,0.977392883631961,0.9744861438883005,0.9681526694621512,0.9691808634438406,0.9772711158600353,0.9732967352572578,0.977386778000965,0.9744792532177625,0.9681440682745734,0.9691725399463911,0.9772649773425327,0.973289523356445,0.003029490146160126,1.043489933013916e-06,0.003027508867383003,0.003015962366461754,0.003141069682240486,0.002977999019622803,0.002984910795092583,9.958839416503906e-07,1.0246920585632323e-06,9.796738624572754e-07,1.0655951499938965e-06,1.1516046524047852e-06,5000,16000,4F_16
