,train_size,test_size,actual_idx,metric_mae0,metric_mae1,metric_mae2,metric_mae3,metric_mae4,mean_metric_mae,metric_std_error0,metric_std_error1,metric_std_error2,metric_std_error3,metric_std_error4,mean_metric_std_error,metric_r20,metric_r21,metric_r22,metric_r23,metric_r24,mean_metric_r2,metric_adjusted_r20,metric_adjusted_r21,metric_adjusted_r22,metric_adjusted_r23,metric_adjusted_r24,mean_metric_adjusted_r2,mean_time_train,mean_time_pred,time_train0,time_train1,time_train2,time_train3,time_train4,time_pred0,time_pred1,time_pred2,time_pred3,time_pred4,epochs,batch_size,arch_type
0,160000,40000,0,0.04737313035436854,0.04670668197240616,0.046466047459028846,0.0498887890351694,0.04570889292325184,0.047228708348844954,0.062330555753382484,0.06181740280198257,0.06034907851007378,0.06177106766228095,0.05355207324935401,0.059964035595414765,0.948030065510551,0.9489684091911387,0.9503886182601324,0.9460199532232125,0.957411446882112,0.9501636986134294,0.9479949612317755,0.9489339387380256,0.9503551071196596,0.9459834911681997,0.9573826794715701,0.9501300355458462,0.002723306922316551,1.1129426956176758e-06,0.002700289624929428,0.0027635433852672576,0.0027702365577220917,0.0027080707132816316,0.002674394330382347,1.220184564590454e-06,1.1014580726623534e-06,1.0940849781036376e-06,1.0708153247833251e-06,1.0781705379486084e-06,5000,16000,2F_16
