,train_size,test_size,actual_idx,metric_mae0,metric_mae1,metric_mae2,metric_mae3,metric_mae4,mean_metric_mae,metric_std_error0,metric_std_error1,metric_std_error2,metric_std_error3,metric_std_error4,mean_metric_std_error,metric_r20,metric_r21,metric_r22,metric_r23,metric_r24,mean_metric_r2,metric_adjusted_r20,metric_adjusted_r21,metric_adjusted_r22,metric_adjusted_r23,metric_adjusted_r24,mean_metric_adjusted_r2,mean_time_train,mean_time_pred,time_train0,time_train1,time_train2,time_train3,time_train4,time_pred0,time_pred1,time_pred2,time_pred3,time_pred4,epochs,batch_size,arch_type
0,160000,40000,0,0.025824716736148532,0.026643464404237205,0.027818413420264285,0.02664216251548593,0.026631974208405382,0.026712146256908265,0.03357744844637179,0.03412925168965651,0.038905454277802266,0.03502055909057547,0.034086764599357965,0.035143895620752805,0.9847857588581699,0.9840630666921308,0.9804371814913093,0.9834217411735716,0.9839240758664833,0.983326364816333,0.9847754820516346,0.9840523017266722,0.9804239673389092,0.9834105430101494,0.9839132170164983,0.9833151022287726,0.0028707221868634223,1.2210512161254885e-06,0.0029244324162602427,0.003084298351407051,0.003097812156379223,0.0026168554648756982,0.0026302125453948975,1.1166274547576903e-06,1.1803209781646728e-06,1.039743423461914e-06,1.3480246067047119e-06,1.420539617538452e-06,5000,16000,2F_32
