,train_size,test_size,actual_idx,metric_mae0,metric_mae1,metric_mae2,metric_mae3,metric_mae4,mean_metric_mae,metric_std_error0,metric_std_error1,metric_std_error2,metric_std_error3,metric_std_error4,mean_metric_std_error,metric_r20,metric_r21,metric_r22,metric_r23,metric_r24,mean_metric_r2,metric_adjusted_r20,metric_adjusted_r21,metric_adjusted_r22,metric_adjusted_r23,metric_adjusted_r24,mean_metric_adjusted_r2,mean_time_train,mean_time_pred,time_train0,time_train1,time_train2,time_train3,time_train4,time_pred0,time_pred1,time_pred2,time_pred3,time_pred4,epochs,batch_size,arch_type
0,400000,100000,0,0.026529985878932048,0.024645315126826748,0.02495262241365695,0.024634230736741133,0.025591407566942764,0.025270712344619927,0.035232848172664616,0.03204828083189723,0.03326042320584121,0.03149919291517412,0.033911888966536276,0.03319052681842269,0.9833239813399849,0.9860784772883769,0.9852361492180044,0.9862021421724474,0.9844863066817849,0.9850654113401198,0.9833194775538866,0.9860747174244829,0.9852321618618335,0.9861984157074237,0.9844821168114253,0.9850613778718105,0.0029892704486846923,8.981204032897949e-07,0.0029692840218544007,0.0030365982347726824,0.00299217197060585,0.00296232528090477,0.002985972735285759,8.520221710205078e-07,9.580707550048828e-07,8.784317970275879e-07,8.817362785339355e-07,9.203410148620605e-07,5000,16000,2F_32
