,train_size,test_size,actual_idx,metric_mae0,metric_mae1,metric_mae2,metric_mae3,metric_mae4,mean_metric_mae,metric_std_error0,metric_std_error1,metric_std_error2,metric_std_error3,metric_std_error4,mean_metric_std_error,metric_r20,metric_r21,metric_r22,metric_r23,metric_r24,mean_metric_r2,metric_adjusted_r20,metric_adjusted_r21,metric_adjusted_r22,metric_adjusted_r23,metric_adjusted_r24,mean_metric_adjusted_r2,mean_time_train,mean_time_pred,time_train0,time_train1,time_train2,time_train3,time_train4,time_pred0,time_pred1,time_pred2,time_pred3,time_pred4,epochs,batch_size,arch_type
0,400000,100000,21,0.04692687020177338,0.04872769401875914,0.04466817769251662,0.04549971722678886,0.04564693092288692,0.04629387801254499,0.060251612191435724,0.06252090465212187,0.05353554903262724,0.056972761664899486,0.05979569475960697,0.058615304460138254,0.9499993200120407,0.9464831479581512,0.958486913092523,0.9541281892190224,0.9513586240956512,0.9520912388754776,0.9499858160473338,0.9464686943610928,0.9584757014197895,0.9541158003612313,0.9513454872458391,0.9520782998870573,0.002666636132001877,9.138016700744628e-07,0.002674058974981308,0.0026423641538619994,0.0026559244334697723,0.0027078848475217817,0.0026529482501745226,8.722615242004394e-07,8.731842041015625e-07,1.0525417327880859e-06,8.893823623657227e-07,8.816385269165039e-07,5000,16000,2F_16
