,train_size,test_size,actual_idx,metric_mae0,metric_mae1,metric_mae2,metric_mae3,metric_mae4,mean_metric_mae,metric_std_error0,metric_std_error1,metric_std_error2,metric_std_error3,metric_std_error4,mean_metric_std_error,metric_r20,metric_r21,metric_r22,metric_r23,metric_r24,mean_metric_r2,metric_adjusted_r20,metric_adjusted_r21,metric_adjusted_r22,metric_adjusted_r23,metric_adjusted_r24,mean_metric_adjusted_r2,mean_time_train,mean_time_pred,time_train0,time_train1,time_train2,time_train3,time_train4,time_pred0,time_pred1,time_pred2,time_pred3,time_pred4,epochs,batch_size,arch_type
0,160000,40000,0,0.039599072137465836,0.033147881136246685,0.03483769431892022,0.03589378058866417,0.03746528758660203,0.03618874315357979,0.04811787465710157,0.039521178633620625,0.04381909176447815,0.043175772558416495,0.04832484591476569,0.04459175270567651,0.9670728287562164,0.9773809465718322,0.9731997527428615,0.9730079834885935,0.9678773678766474,0.9717077758872301,0.9670505873466401,0.977365668015779,0.9731816499039757,0.9729897511147867,0.9678556699113884,0.971688665258514,0.003087857495844364,1.442776918411255e-06,0.003094429710507393,0.003162432509660721,0.0030637768343091012,0.003074385391175747,0.0030442630335688592,1.508486270904541e-06,1.6093552112579345e-06,1.2485146522521973e-06,1.4558970928192138e-06,1.3916313648223877e-06,5000,16000,4F_16
