,train_size,test_size,actual_idx,metric_mae0,metric_mae1,metric_mae2,metric_mae3,metric_mae4,mean_metric_mae,metric_std_error0,metric_std_error1,metric_std_error2,metric_std_error3,metric_std_error4,mean_metric_std_error,metric_r20,metric_r21,metric_r22,metric_r23,metric_r24,mean_metric_r2,metric_adjusted_r20,metric_adjusted_r21,metric_adjusted_r22,metric_adjusted_r23,metric_adjusted_r24,mean_metric_adjusted_r2,mean_time_train,mean_time_pred,time_train0,time_train1,time_train2,time_train3,time_train4,time_pred0,time_pred1,time_pred2,time_pred3,time_pred4,epochs,batch_size,arch_type
0,160000,40000,0,0.012187059967912592,0.012000067526174328,0.0120970098526859,0.011781900762707144,0.011962771821863515,0.012005761986268695,0.01720250310113843,0.01659373173085029,0.018545388566432803,0.018968199484786855,0.017409598405380776,0.017743884257717828,0.9962315400299542,0.9964350131465332,0.9958071906368771,0.9957309027193665,0.9961665099551494,0.9960742312975761,0.9962289945376298,0.9964326050947708,0.9958043585080668,0.9957280190601406,0.9961639205367763,0.9960715795474769,0.0036441869598627086,1.350914239883423e-06,0.0036877427235245705,0.003634252171218395,0.0036182501673698423,0.0036517381355166433,0.0036289516016840937,1.361095905303955e-06,1.3534247875213624e-06,1.3154208660125732e-06,1.2910425662994385e-06,1.4335870742797852e-06,5000,16000,4F_64
