,train_size,test_size,actual_idx,metric_mae0,metric_mae1,metric_mae2,metric_mae3,metric_mae4,mean_metric_mae,metric_std_error0,metric_std_error1,metric_std_error2,metric_std_error3,metric_std_error4,mean_metric_std_error,metric_r20,metric_r21,metric_r22,metric_r23,metric_r24,mean_metric_r2,metric_adjusted_r20,metric_adjusted_r21,metric_adjusted_r22,metric_adjusted_r23,metric_adjusted_r24,mean_metric_adjusted_r2,mean_time_train,mean_time_pred,time_train0,time_train1,time_train2,time_train3,time_train4,time_pred0,time_pred1,time_pred2,time_pred3,time_pred4,epochs,batch_size,arch_type
0,400000,100000,0,0.046015360986029215,0.04529766389333836,0.04524844208896059,0.04807297174355285,0.04607177618159747,0.04614124297869569,0.0576093620082463,0.056499762137626364,0.055921399394537094,0.05714534584756444,0.05418343017018963,0.05627185991163277,0.953395366998376,0.9553339867736814,0.9558112882675245,0.9518805442436612,0.9565218556761859,0.9545886083918859,0.9533827802231685,0.955321923572414,0.9557993539737545,0.9518675483517572,0.9565101132893501,0.9545763438820888,0.0034088330667018892,1.1991491317749023e-06,0.0026826520723104478,0.003110153777003288,0.00363471765935421,0.0038061998575925826,0.0038104419672489167,8.770918846130371e-07,1.4051055908203125e-06,1.199047565460205e-06,1.3272905349731445e-06,1.1872100830078125e-06,5000,16000,2F_16
