,train_size,test_size,actual_idx,metric_mae0,metric_mae1,metric_mae2,metric_mae3,metric_mae4,mean_metric_mae,metric_std_error0,metric_std_error1,metric_std_error2,metric_std_error3,metric_std_error4,mean_metric_std_error,metric_r20,metric_r21,metric_r22,metric_r23,metric_r24,mean_metric_r2,metric_adjusted_r20,metric_adjusted_r21,metric_adjusted_r22,metric_adjusted_r23,metric_adjusted_r24,mean_metric_adjusted_r2,mean_time_train,mean_time_pred,time_train0,time_train1,time_train2,time_train3,time_train4,time_pred0,time_pred1,time_pred2,time_pred3,time_pred4,epochs,batch_size,arch_type
0,160000,40000,0,0.012508151154931847,0.011019806687366043,0.012226595744295864,0.011229378587768263,0.012152993201562925,0.01182738507518499,0.017955028350951505,0.01554470325717999,0.020269235035411424,0.018509422187801976,0.017425451150074035,0.017940767996283784,0.9959399810123565,0.9969134545108016,0.9952080125587146,0.9959869781541315,0.9961223540100175,0.9960341560492043,0.9959372385798371,0.996911369633182,0.9952047757013917,0.9959842674669045,0.9961197347655031,0.9960314772293637,0.0038020612138509754,1.5104174613952638e-06,0.0037270526513457298,0.00382605759203434,0.0038710379987955093,0.003916537542641163,0.0036696202844381334,1.3277947902679444e-06,1.4939546585083007e-06,1.5174210071563722e-06,1.369553804397583e-06,1.8433630466461182e-06,5000,16000,4F_64
