,train_size,test_size,actual_idx,metric_mae0,metric_mae1,metric_mae2,metric_mae3,metric_mae4,mean_metric_mae,metric_std_error0,metric_std_error1,metric_std_error2,metric_std_error3,metric_std_error4,mean_metric_std_error,metric_r20,metric_r21,metric_r22,metric_r23,metric_r24,mean_metric_r2,metric_adjusted_r20,metric_adjusted_r21,metric_adjusted_r22,metric_adjusted_r23,metric_adjusted_r24,mean_metric_adjusted_r2,mean_time_train,mean_time_pred,time_train0,time_train1,time_train2,time_train3,time_train4,time_pred0,time_pred1,time_pred2,time_pred3,time_pred4,epochs,batch_size,arch_type
0,160000,40000,0,0.01892405245224845,0.018085812082745376,0.01725418330867155,0.018036745844500254,0.017359265398916118,0.01793201181741635,0.025618144505108322,0.023552578329105695,0.024140963802454635,0.02530008210710371,0.02237344000152087,0.024197041749058647,0.9913989079313364,0.9925035125531598,0.9924699735173477,0.9917340210181061,0.9931104462699964,0.9922433722579893,0.9913930981273273,0.9924984488795617,0.992464887189042,0.9917284375738824,0.9931057925636343,0.9922381328666894,0.003382786359786988,1.3300216197967528e-06,0.0032208777382969856,0.0033787971422076226,0.003438852693140507,0.003445153047144413,0.0034302511781454086,1.3718247413635254e-06,1.264423131942749e-06,1.264268159866333e-06,1.4888942241668702e-06,1.260697841644287e-06,5000,16000,4F_32
