,train_size,test_size,actual_idx,metric_mae0,metric_mae1,metric_mae2,metric_mae3,metric_mae4,mean_metric_mae,metric_std_error0,metric_std_error1,metric_std_error2,metric_std_error3,metric_std_error4,mean_metric_std_error,metric_r20,metric_r21,metric_r22,metric_r23,metric_r24,mean_metric_r2,metric_adjusted_r20,metric_adjusted_r21,metric_adjusted_r22,metric_adjusted_r23,metric_adjusted_r24,mean_metric_adjusted_r2,mean_time_train,mean_time_pred,time_train0,time_train1,time_train2,time_train3,time_train4,time_pred0,time_pred1,time_pred2,time_pred3,time_pred4,degree,kernel,C
0,160000,40000,5,0.06278603160236765,0.06204613444551318,0.06302838527963438,0.062214825069600806,0.06167775853430294,0.0623506269862838,0.09482236800267325,0.09393764562903141,0.09688046267340812,0.09478443819925432,0.09199711284050498,0.09448440546897442,0.8903390322826948,0.89225640867744,0.8857581841545711,0.8899365310038728,0.8946042914752419,0.8905788895187641,0.8902649592783827,0.8921836308087893,0.8856810169118055,0.8898621861208824,0.8945330995376314,0.8905049785314982,0.03334681110054255,0.0024151673090457917,0.03399905194789171,0.03294625079035759,0.03307660721987486,0.0335435767352581,0.033168568809330466,0.002410741424560547,0.002415196967124939,0.0023981130242347716,0.0024302191734313964,0.002421565955877304,8,rbf,0.680962464133158
