,train_size,test_size,actual_idx,metric_mae0,metric_mae1,metric_mae2,metric_mae3,metric_mae4,mean_metric_mae,metric_std_error0,metric_std_error1,metric_std_error2,metric_std_error3,metric_std_error4,mean_metric_std_error,metric_r20,metric_r21,metric_r22,metric_r23,metric_r24,mean_metric_r2,metric_adjusted_r20,metric_adjusted_r21,metric_adjusted_r22,metric_adjusted_r23,metric_adjusted_r24,mean_metric_adjusted_r2,mean_time_train,mean_time_pred,time_train0,time_train1,time_train2,time_train3,time_train4,time_pred0,time_pred1,time_pred2,time_pred3,time_pred4,epochs,batch_size,arch_type
0,400000,100000,0,0.00882031250945852,0.008605548898066627,0.009284211196020959,0.008589470084292061,0.008584958415699017,0.008776900220707437,0.012212952468139693,0.012463946202310405,0.013485091966347987,0.012515190337797017,0.011884689000107857,0.012512373994940592,0.9980543371733633,0.9980460664474881,0.9977110355105769,0.9980118436556674,0.998152495981236,0.9979951557536664,0.9980538116972668,0.9980455387376701,0.9977104173170707,0.9980113067031078,0.9981519970154406,0.9979946142941112,0.003658669888496399,1.1244335174560547e-06,0.003711691319346428,0.003680524191260338,0.0036179619705677033,0.0036606649500131607,0.003622507011294365,1.0750794410705567e-06,1.14532470703125e-06,1.0349535942077637e-06,1.155846118927002e-06,1.2109637260437012e-06,5000,16000,4F_64
