,train_size,test_size,actual_idx,metric_mae0,metric_mae1,metric_mae2,metric_mae3,metric_mae4,mean_metric_mae,metric_std_error0,metric_std_error1,metric_std_error2,metric_std_error3,metric_std_error4,mean_metric_std_error,metric_r20,metric_r21,metric_r22,metric_r23,metric_r24,mean_metric_r2,metric_adjusted_r20,metric_adjusted_r21,metric_adjusted_r22,metric_adjusted_r23,metric_adjusted_r24,mean_metric_adjusted_r2,mean_time_train,mean_time_pred,time_train0,time_train1,time_train2,time_train3,time_train4,time_pred0,time_pred1,time_pred2,time_pred3,time_pred4,epochs,batch_size,arch_type
0,400000,100000,0,0.008666588749870873,0.008562344338977842,0.009554750987754356,0.008987244240036971,0.009083805334452107,0.00897094673021843,0.012016358970350992,0.011830334478630552,0.013284168860545087,0.012681878661270142,0.012855236757454909,0.012533595545650335,0.9981182182005869,0.9981834933114759,0.9977134425749754,0.9979152732461607,0.9978703578066805,0.9979601570279758,0.9981177099771985,0.9981830027173036,0.9977128250315584,0.9979147102122877,0.9978697826422424,0.9979596061161182,0.0073541956542730325,1.53947114944458e-06,0.007332916945815086,0.007434130610823631,0.007310464598536491,0.007342175032496452,0.007351291083693505,1.4430737495422364e-06,1.516399383544922e-06,1.579723358154297e-06,1.584007740020752e-06,1.5741515159606934e-06,5000,16000,4F_64
