,train_size,test_size,actual_idx,metric_mae0,metric_mae1,metric_mae2,metric_mae3,metric_mae4,mean_metric_mae,metric_std_error0,metric_std_error1,metric_std_error2,metric_std_error3,metric_std_error4,mean_metric_std_error,metric_r20,metric_r21,metric_r22,metric_r23,metric_r24,mean_metric_r2,metric_adjusted_r20,metric_adjusted_r21,metric_adjusted_r22,metric_adjusted_r23,metric_adjusted_r24,mean_metric_adjusted_r2,mean_time_train,mean_time_pred,time_train0,time_train1,time_train2,time_train3,time_train4,time_pred0,time_pred1,time_pred2,time_pred3,time_pred4,epochs,batch_size,arch_type
0,400000,100000,0,0.013992821700520802,0.014541893676905898,0.014501813908805755,0.014382961877949105,0.014932786685345008,0.014470455569905314,0.019695392750885436,0.021021416251313624,0.020582106351209713,0.022285904751399927,0.021578601137998577,0.021032684248561452,0.9949959133275864,0.9944350272569965,0.994586590618047,0.99392936042761,0.9940811742340512,0.9944056131728584,0.99499456184577,0.9944335242935262,0.9945851285881455,0.9939277208958566,0.9940795757035058,0.9944041022653607,0.003069343859434128,9.334597587585449e-07,0.0030506096804142,0.0030176870292425158,0.0030880383330583574,0.0030618432742357256,0.003128540980219841,9.263277053833008e-07,9.170794486999511e-07,9.786319732666016e-07,9.291434288024903e-07,9.161162376403809e-07,5000,16000,2F_64
