,train_size,test_size,actual_idx,metric_mae0,metric_mae1,metric_mae2,metric_mae3,metric_mae4,mean_metric_mae,metric_std_error0,metric_std_error1,metric_std_error2,metric_std_error3,metric_std_error4,mean_metric_std_error,metric_r20,metric_r21,metric_r22,metric_r23,metric_r24,mean_metric_r2,metric_adjusted_r20,metric_adjusted_r21,metric_adjusted_r22,metric_adjusted_r23,metric_adjusted_r24,mean_metric_adjusted_r2,mean_time_train,mean_time_pred,time_train0,time_train1,time_train2,time_train3,time_train4,time_pred0,time_pred1,time_pred2,time_pred3,time_pred4,epochs,batch_size,arch_type
0,400000,100000,0,0.014375668309095415,0.014558500152608242,0.014426885402161634,0.01458118341603173,0.014372863395255705,0.014463020135030546,0.02132010824972239,0.020798957391310716,0.020694395829467183,0.022155356669092303,0.02017278515616507,0.02102832065915153,0.9943315168967226,0.9945101510535177,0.994565520827743,0.993929881642718,0.9947267014232314,0.9944127543687864,0.9943299859776273,0.9945086683791533,0.9945640531074048,0.993928242251732,0.9947252772338426,0.994411245389952,0.003078989403605461,9.085612297058105e-07,0.0030396958500146865,0.0030704695558547972,0.003079818041920662,0.0031121850210428237,0.003092778549194336,8.834600448608398e-07,9.003496170043945e-07,9.345865249633789e-07,9.230160713195801e-07,9.013938903808594e-07,5000,16000,2F_64
