,train_size,test_size,actual_idx,metric_mae0,metric_mae1,metric_mae2,metric_mae3,metric_mae4,mean_metric_mae,metric_std_error0,metric_std_error1,metric_std_error2,metric_std_error3,metric_std_error4,mean_metric_std_error,metric_r20,metric_r21,metric_r22,metric_r23,metric_r24,mean_metric_r2,metric_adjusted_r20,metric_adjusted_r21,metric_adjusted_r22,metric_adjusted_r23,metric_adjusted_r24,mean_metric_adjusted_r2,mean_time_train,mean_time_pred,time_train0,time_train1,time_train2,time_train3,time_train4,time_pred0,time_pred1,time_pred2,time_pred3,time_pred4,epochs,batch_size,arch_type
0,400000,100000,0,0.014513770273769142,0.015269395881761958,0.016747981333967914,0.015354136341506142,0.016357141375850866,0.015648485041371205,0.01921667961028733,0.01979263160825779,0.022467573681052087,0.020638493574395993,0.021421233502029294,0.020707322395204498,0.995028295461392,0.9946774651229656,0.9932940428497177,0.9942903401697506,0.9937562675907289,0.9942092822389108,0.9950269527252005,0.9946760276360525,0.9932922317341747,0.9942887981298253,0.99375458131082,0.9942077183072147,0.0032516869717836377,1.0507473945617676e-06,0.0033231319069862366,0.003221742095351219,0.00320769248008728,0.0032349541395902633,0.0032709142369031904,1.042938232421875e-06,1.1149859428405762e-06,1.0568022727966309e-06,1.0000276565551758e-06,1.03898286819458e-06,5000,16000,4F_32
