,train_size,test_size,actual_idx,metric_mae0,metric_mae1,metric_mae2,metric_mae3,metric_mae4,mean_metric_mae,metric_std_error0,metric_std_error1,metric_std_error2,metric_std_error3,metric_std_error4,mean_metric_std_error,metric_r20,metric_r21,metric_r22,metric_r23,metric_r24,mean_metric_r2,metric_adjusted_r20,metric_adjusted_r21,metric_adjusted_r22,metric_adjusted_r23,metric_adjusted_r24,mean_metric_adjusted_r2,mean_time_train,mean_time_pred,time_train0,time_train1,time_train2,time_train3,time_train4,time_pred0,time_pred1,time_pred2,time_pred3,time_pred4,epochs,batch_size,arch_type
0,400000,100000,0,0.014779815889453644,0.016450278100505235,0.01611276670423743,0.01639897007268841,0.01751508004253252,0.01625138216188345,0.01942926558710543,0.02159607331375153,0.02188902314178321,0.022057818768789244,0.02376090912611209,0.0217466179875083,0.9948910512132518,0.9937226724791576,0.9936914384541107,0.9934811587138124,0.9925105427421759,0.9936593727205019,0.9948896714107347,0.993720977126028,0.9936897346654324,0.9934793981337027,0.9925085200223547,0.9936576602716505,0.004267171854138374,1.3060321807861327e-06,0.0032331488728523255,0.0036634964126348495,0.004830846053957939,0.0048139354699850085,0.00479443246126175,9.682703018188476e-07,1.3623046875e-06,1.338498592376709e-06,1.5007758140563965e-06,1.360311508178711e-06,5000,16000,4F_32
